member_id,email,first_name,last_name,phone,plan_code,enrolled_date,status,_loaded_at
ec0b9e5d-396a-41fb-b53c-b8227cb19482,joseph.brown32@outlook.com,Joseph,Brown,428-242-2679,DELUXE,2024-01-22,ACTIVE,2026-03-10 09:00:23
09dd5181-fab7-4c89-905e-4b65e8545044,jeffrey.jones12@gmail.com,Jeffrey,Jones,423-338-9279,DELUXE,2024-02-24,ACTIVE,2026-03-10 09:00:23
f7bacbbf-5d98-4ea2-a2b9-77caf1747579,brenda.torres58@yahoo.com,Brenda,Torres,803-384-1106,ULTIMATE,2021-11-23,ACTIVE,2026-03-10 09:00:23
6f2e1fc3-e79e-41b4-92d3-2a8fd3bba64b,amanda.scott28@yahoo.com,Amanda,Scott,981-444-2674,BASIC,2021-07-18,ACTIVE,2026-03-10 09:00:23
d2258eb3-3ef7-4bbb-9d38-6b0883a0a0f7,george.richardson6@outlook.com,George,Richardson,947-570-9785,BASIC,2023-02-15,ACTIVE,2026-03-10 09:00:23
06f90ed6-f4da-4b4b-86f1-f1604ffda094,donna.watson74@outlook.com,Donna,Watson,396-821-2139,BASIC,2022-04-12,PAUSED,2026-03-10 09:00:23
247a024d-63b7-4c75-b11d-12bc60e77a5d,william.robinson49@gmail.com,William,Robinson,484-564-6977,BASIC,2022-12-29,ACTIVE,2026-03-10 09:00:23
88323035-660a-4be5-ad53-a1bd04e4900b,paul.martinez82@icloud.com,Paul,Martinez,375-646-5010,BASIC,2023-02-17,ACTIVE,2026-03-10 09:00:23
1b8ae8c3-63b5-45e8-91f4-1727c4373078,pamela.lewis99@outlook.com,Pamela,Lewis,994-157-4752,ULTIMATE,2022-10-09,ACTIVE,2026-03-10 09:00:23
4374909f-c863-4e66-aed6-4c768a8a9a4d,david.ramirez92@icloud.com,David,Ramirez,522-317-9179,DELUXE,2024-08-09,ACTIVE,2026-03-10 09:00:23
b80fb3c9-1d91-424c-a50b-4a770629a9a7,kimberly.moore96@yahoo.com,Kimberly,Moore,774-651-5304,DELUXE,2023-05-28,CANCELLED,2026-03-10 09:00:23
96c9610b-1a92-4438-929a-b3c1a2188149,rebecca.campbell18@yahoo.com,Rebecca,Campbell,721-605-2489,ULTIMATE,2021-08-13,ACTIVE,2026-03-10 09:00:23
1acc3ced-6719-49be-a6ae-97a8df033787,christopher.parker9@icloud.com,Christopher,Parker,594-490-8668,DELUXE,2024-02-08,CANCELLED,2026-03-10 09:00:23
d2c2a0fd-2cc1-437f-9b5d-307c0ee5d531,mary.anderson97@icloud.com,Mary,Anderson,473-887-6573,BASIC,2023-06-10,ACTIVE,2026-03-10 09:00:23
2d094ff5-76b9-4cfa-808d-0e0a1fff2f5a,james.king98@icloud.com,James,King,382-619-2743,ULTIMATE,2022-09-04,PAUSED,2026-03-10 09:00:23
299a523e-cf2b-4733-8fda-30a56dfb2575,eric.richardson20@yahoo.com,Eric,Richardson,582-880-3646,DELUXE,2025-05-14,CANCELLED,2026-03-10 09:00:23
a0f33c6e-c7a9-41fb-87a5-d91175ef6de4,james.diaz63@outlook.com,James,Diaz,219-214-6947,ULTIMATE,2022-09-22,ACTIVE,2026-03-10 09:00:23
793ddafa-c242-42bb-a479-a2180e579609,donald.kelly11@gmail.com,Donald,Kelly,949-597-2133,ULTIMATE,2023-12-27,PAUSED,2026-03-10 09:00:23
59bc59a5-2cfb-4245-a705-e7a7929be034,thomas.nguyen22@icloud.com,Thomas,Nguyen,471-640-7932,ULTIMATE,2024-01-10,PAUSED,2026-03-10 09:00:23
164337fa-5de9-4fc5-abce-0edc227f23d0,margaret.flores86@hotmail.com,Margaret,Flores,865-482-8177,ULTIMATE,2023-07-14,ACTIVE,2026-03-10 09:00:23
3df7a6a9-d9cb-4651-8313-644c2e2a19b6,mark.rodriguez3@outlook.com,Mark,Rodriguez,802-667-4770,DELUXE,2021-01-15,ACTIVE,2026-03-10 09:00:23
1673eaaa-b9cd-46c5-8ed5-69d9dddee2af,linda.robinson5@gmail.com,Linda,Robinson,538-172-9423,BASIC,2024-10-02,ACTIVE,2026-03-10 09:00:23
7f8e1e17-28f3-4872-bcad-14b8da802284,brenda.taylor74@icloud.com,Brenda,Taylor,684-348-8749,ULTIMATE,2022-01-25,ACTIVE,2026-03-10 09:00:23
9a967512-1bde-4654-99ed-172468379078,laura.rivera53@hotmail.com,Laura,Rivera,678-984-1887,DELUXE,2024-08-16,ACTIVE,2026-03-10 09:00:23
6e9a6ca3-2928-44e0-9a3d-9f54c568cdcb,rebecca.baker32@gmail.com,Rebecca,Baker,396-294-9786,DELUXE,2023-05-15,ACTIVE,2026-03-10 09:00:23
9698cd9b-f4da-448d-ba71-b919768d02f4,kathleen.young57@gmail.com,Kathleen,Young,763-200-1828,DELUXE,2024-01-13,PAUSED,2026-03-10 09:00:23
a475f275-4c64-4bc1-8e81-7517da32e3b3,susan.walker53@yahoo.com,Susan,Walker,697-592-4502,ULTIMATE,2021-05-01,ACTIVE,2026-03-10 09:00:23
a17f2daf-a7dc-4027-979b-8bd184aac087,james.roberts59@outlook.com,James,Roberts,492-533-8973,BASIC,2022-08-31,ACTIVE,2026-03-10 09:00:23
93000fd6-4867-4264-922a-510763646ab0,linda.ward8@icloud.com,Linda,Ward,965-421-1936,BASIC,2023-09-04,ACTIVE,2026-03-10 09:00:23
af20a91c-2405-4320-a762-aa2ee4e0bb71,anna.lee66@gmail.com,Anna,Lee,282-971-4044,BASIC,2021-05-20,ACTIVE,2026-03-10 09:00:23
fedadbcb-c783-4689-9bab-997b87576ca6,donald.evans73@gmail.com,Donald,Evans,452-692-1651,DELUXE,2023-05-09,ACTIVE,2026-03-10 09:00:23
35e26da3-5377-4000-a0c9-f1331dbfd130,justin.peterson34@outlook.com,Justin,Peterson,409-785-6147,BASIC,2023-03-22,ACTIVE,2026-03-10 09:00:23
ac591fbf-d7ef-4f5c-8306-0a5a46ef8cd0,joshua.flores97@outlook.com,Joshua,Flores,274-109-8508,DELUXE,2024-02-28,CANCELLED,2026-03-10 09:00:23
596edd72-8090-4bf9-b2d5-445b9b581f6a,barbara.reed65@yahoo.com,Barbara,Reed,471-235-6718,ULTIMATE,2022-05-16,ACTIVE,2026-03-10 09:00:23
73f2c21b-9395-4301-944e-bcfdadaac68e,christopher.edwards91@icloud.com,Christopher,Edwards,509-726-9666,BASIC,2024-02-10,ACTIVE,2026-03-10 09:00:23
03d88d3f-ae96-47bb-9517-822baa4f3f2b,jessica.moore15@outlook.com,Jessica,Moore,309-860-3546,BASIC,2024-05-23,ACTIVE,2026-03-10 09:00:23
88661073-6168-44e9-bf1e-8b2e0dd127fb,amanda.clark65@outlook.com,Amanda,Clark,700-357-1832,BASIC,2023-05-18,PAUSED,2026-03-10 09:00:23
4aac152e-b33a-4edc-a24e-2fbb41c4cf06,jennifer.smith99@outlook.com,Jennifer,Smith,333-752-5291,BASIC,2023-06-24,ACTIVE,2026-03-10 09:00:23
3e5b99f3-2fd9-43f6-9c5c-7edbf95d0659,jeffrey.gomez15@gmail.com,Jeffrey,Gomez,277-807-3442,DELUXE,2023-01-27,ACTIVE,2026-03-10 09:00:23
557f6204-34cf-47c0-bcd3-04ede9c92f34,charles.collins6@yahoo.com,Charles,Collins,515-473-1653,ULTIMATE,2022-03-07,ACTIVE,2026-03-10 09:00:23
52cc3a4f-405f-45e8-a555-e9ef07db94c9,jessica.rivera53@icloud.com,Jessica,Rivera,835-867-3532,ULTIMATE,2022-04-30,CANCELLED,2026-03-10 09:00:23
6d5e5ed6-9dac-47b4-88c5-e120a9bdeca1,daniel.turner23@gmail.com,Daniel,Turner,954-440-7745,ULTIMATE,2025-02-14,PAUSED,2026-03-10 09:00:23
65f90f87-3669-4e7f-b3e7-fc12d55c7f2b,paul.lee49@gmail.com,Paul,Lee,239-979-8711,BASIC,2023-08-01,ACTIVE,2026-03-10 09:00:23
838fa5a7-44b9-4f4b-8a6f-8a1e0cd3ebe0,ashley.lewis85@gmail.com,Ashley,Lewis,397-508-6378,BASIC,2021-05-23,CANCELLED,2026-03-10 09:00:23
9c5869f1-695b-4edd-ab54-94b2298246e4,emily.hall52@icloud.com,Emily,Hall,895-963-9785,DELUXE,2021-02-26,ACTIVE,2026-03-10 09:00:23
05c2c2b9-8d78-42ed-8700-9b4b62150fa5,kimberly.thompson34@icloud.com,Kimberly,Thompson,239-211-8119,DELUXE,2025-05-30,ACTIVE,2026-03-10 09:00:23
89efa5cf-f8a5-4579-99b0-55560427fb79,helen.morgan50@gmail.com,Helen,Morgan,790-294-5173,BASIC,2023-06-13,ACTIVE,2026-03-10 09:00:23
d90eee1d-847f-4ba2-8c76-fc101b0d5d87,stephen.sanchez56@outlook.com,Stephen,Sanchez,271-780-6409,DELUXE,2024-09-20,PAUSED,2026-03-10 09:00:23
000af2e8-0c04-4a57-8a63-0844418b04d8,joshua.rogers86@outlook.com,Joshua,Rogers,618-434-7592,DELUXE,2024-02-10,ACTIVE,2026-03-10 09:00:23
9c442f18-22ff-46e5-bf3f-1a0bfd356848,sharon.carter79@yahoo.com,Sharon,Carter,782-408-7653,DELUXE,2021-01-01,ACTIVE,2026-03-10 09:00:23
05592894-2547-4dfb-9e90-19df18b2ddd0,anthony.collins78@icloud.com,Anthony,Collins,870-429-8618,DELUXE,2024-10-15,ACTIVE,2026-03-10 09:00:23
0b6504c3-b13d-4486-9dd3-149e0dc33955,gary.perez37@gmail.com,Gary,Perez,727-779-6491,BASIC,2025-03-19,ACTIVE,2026-03-10 09:00:23
a49088e4-8e5c-4645-8bf8-9eec0a65caca,michelle.lewis19@yahoo.com,Michelle,Lewis,225-147-5011,ULTIMATE,2024-06-05,PAUSED,2026-03-10 09:00:23
73ddd615-5256-4229-b05f-b4abe927a2ef,barbara.flores81@hotmail.com,Barbara,Flores,789-299-7291,DELUXE,2022-05-15,ACTIVE,2026-03-10 09:00:23
22f3ed4b-c820-41c5-8c39-99a0fc90c029,james.wilson29@hotmail.com,James,Wilson,380-923-9486,DELUXE,2024-02-16,ACTIVE,2026-03-10 09:00:23
1eae0afa-5057-43c6-a2db-2068d6923af2,sarah.flores60@yahoo.com,Sarah,Flores,883-643-6198,ULTIMATE,2023-06-26,ACTIVE,2026-03-10 09:00:23
51f1352e-d9c5-465d-b299-8721587b78c8,eric.parker58@icloud.com,Eric,Parker,362-861-8777,DELUXE,2025-03-20,ACTIVE,2026-03-10 09:00:23
fc4169bf-f476-403a-94c4-ca208a64f009,emily.peterson81@hotmail.com,Emily,Peterson,444-381-8206,BASIC,2022-08-09,ACTIVE,2026-03-10 09:00:23
95523149-7bc8-4fec-b2b5-f571d607eacc,brian.green11@icloud.com,Brian,Green,341-254-4788,DELUXE,2021-11-09,ACTIVE,2026-03-10 09:00:23
32d53146-5791-4ba0-b580-d8c6cdd51627,david.torres43@hotmail.com,David,Torres,755-577-7812,BASIC,2023-05-11,ACTIVE,2026-03-10 09:00:23
80f9fcc9-3ae2-4eeb-8a84-228fffa2339c,scott.williams49@icloud.com,Scott,Williams,688-106-6763,BASIC,2023-03-10,PAUSED,2026-03-10 09:00:23
2065f36f-2163-460d-b92c-68afa4196945,sharon.reed78@icloud.com,Sharon,Reed,425-599-4595,BASIC,2023-09-22,ACTIVE,2026-03-10 09:00:23
19e714a0-8a65-4d20-ac5f-96f29c760c59,amanda.evans60@yahoo.com,Amanda,Evans,330-737-9751,BASIC,2023-03-18,ACTIVE,2026-03-10 09:00:23
e8a5b583-7e0c-4f66-a50d-da6ed8050be3,patricia.hernandez18@hotmail.com,Patricia,Hernandez,672-286-1823,BASIC,2022-11-02,ACTIVE,2026-03-10 09:00:23
df0bbaaf-37d3-45ae-84a5-9c21cb2f4a8d,carol.baker36@hotmail.com,Carol,Baker,970-951-7906,BASIC,2021-06-17,ACTIVE,2026-03-10 09:00:23
f91e3618-576a-4389-9f6b-e6c4c5b31a14,brenda.miller29@outlook.com,Brenda,Miller,865-170-1659,ULTIMATE,2022-05-22,ACTIVE,2026-03-10 09:00:23
381c0ca0-9b47-43ce-b91e-d497035b7c10,robert.watson31@yahoo.com,Robert,Watson,329-584-2874,DELUXE,2022-03-23,ACTIVE,2026-03-10 09:00:23
9ee31b3a-cf51-4ef3-b6cb-e64c93d865b8,steven.mitchell78@yahoo.com,Steven,Mitchell,821-865-2876,ULTIMATE,2021-12-02,CANCELLED,2026-03-10 09:00:23
12ffb1e4-a479-4df5-8c35-a5b2f7f1ac96,jessica.ward40@gmail.com,Jessica,Ward,789-793-7149,DELUXE,2025-01-04,ACTIVE,2026-03-10 09:00:23
a4f9d248-adb0-4bcb-94ea-3493edc980eb,nicole.young90@gmail.com,Nicole,Young,991-408-2983,ULTIMATE,2024-03-05,PAUSED,2026-03-10 09:00:23
cfaac32d-7b91-4254-bc1c-abe48943024e,george.reed85@hotmail.com,George,Reed,579-170-9289,DELUXE,2021-01-26,PAUSED,2026-03-10 09:00:23
f68ad740-89a5-4e99-aeed-f18de2f80045,nicholas.wilson47@hotmail.com,Nicholas,Wilson,850-948-8532,DELUXE,2023-06-11,ACTIVE,2026-03-10 09:00:23
da8a2bc0-2980-4acb-b160-61e2b056d7c3,jonathan.wright69@icloud.com,Jonathan,Wright,993-595-8616,DELUXE,2025-02-06,ACTIVE,2026-03-10 09:00:23
d7eeb181-2028-4400-ba10-7694a45f92c3,carol.young36@gmail.com,Carol,Young,661-349-8613,DELUXE,2024-09-30,ACTIVE,2026-03-10 09:00:23
b0b8f78a-ed2e-4729-b775-98562ddb5504,patricia.cook24@outlook.com,Patricia,Cook,699-317-6813,ULTIMATE,2022-11-29,ACTIVE,2026-03-10 09:00:23
91802249-3ff8-4b11-b352-8bf9f929ae69,brandon.scott2@icloud.com,Brandon,Scott,729-295-2402,BASIC,2023-04-13,ACTIVE,2026-03-10 09:00:23
ae0d190a-a7b2-4ceb-8b0f-4c0b41c79ecc,donald.nguyen58@hotmail.com,Donald,Nguyen,217-195-5820,BASIC,2024-11-17,ACTIVE,2026-03-10 09:00:23
5b5f32fb-712f-4fc5-9980-436feba797d1,scott.mitchell71@hotmail.com,Scott,Mitchell,743-452-7971,ULTIMATE,2024-02-02,ACTIVE,2026-03-10 09:00:23
814aa369-54a6-4138-8bfe-1cf1a0cb8693,jacob.wright33@outlook.com,Jacob,Wright,436-223-4155,DELUXE,2025-03-02,ACTIVE,2026-03-10 09:00:23
f1527209-1983-4564-8958-c4463c493b94,betty.harris95@yahoo.com,Betty,Harris,695-383-9595,DELUXE,2021-07-25,PAUSED,2026-03-10 09:00:23
b7d41666-e3b6-4142-8427-d396640c21f9,donna.robinson23@outlook.com,Donna,Robinson,509-114-9751,BASIC,2021-04-04,CANCELLED,2026-03-10 09:00:23
73023a34-280b-4f05-8e54-53e0a2a66b97,larry.nguyen82@yahoo.com,Larry,Nguyen,970-602-2680,ULTIMATE,2024-03-21,ACTIVE,2026-03-10 09:00:23
0b2e5d7f-1d0c-4622-bf77-6f9ae9f07d3b,amy.edwards24@outlook.com,Amy,Edwards,252-358-8827,BASIC,2021-05-14,ACTIVE,2026-03-10 09:00:23
9565af9b-c69a-4057-ae4a-b5b34f5c72c3,barbara.howard20@gmail.com,Barbara,Howard,352-930-5978,BASIC,2022-05-24,ACTIVE,2026-03-10 09:00:23
8e5f17d5-f3f3-4d3c-8478-bf13b6e54110,sharon.richardson80@icloud.com,Sharon,Richardson,431-894-9561,DELUXE,2023-06-26,ACTIVE,2026-03-10 09:00:23
9bcf253c-d9e4-479c-ba5d-9dbeb36ba15c,nicole.parker73@outlook.com,Nicole,Parker,835-161-2625,ULTIMATE,2022-03-02,ACTIVE,2026-03-10 09:00:23
60010381-ca45-4dfa-b68b-cb176e10d562,kimberly.hernandez31@yahoo.com,Kimberly,Hernandez,377-665-2229,BASIC,2023-04-17,ACTIVE,2026-03-10 09:00:23
7c9b1ad2-14eb-4910-b5f4-5d241b0f8690,brandon.nguyen5@outlook.com,Brandon,Nguyen,437-395-5632,DELUXE,2023-07-19,ACTIVE,2026-03-10 09:00:23
3777756c-796f-46ec-b354-4bef2bb269e9,ashley.king85@icloud.com,Ashley,King,402-535-2880,DELUXE,2024-08-19,ACTIVE,2026-03-10 09:00:23
6d81b812-6d63-4ebd-85aa-dfd39f83d4be,paul.jackson8@gmail.com,Paul,Jackson,369-911-6039,DELUXE,2024-03-11,CANCELLED,2026-03-10 09:00:23
cc08022a-ec32-420f-a692-b77d24eefa13,ryan.thomas89@hotmail.com,Ryan,Thomas,511-816-7594,ULTIMATE,2023-10-22,ACTIVE,2026-03-10 09:00:23
d22ba5c9-9048-4837-8cc0-7a07ffcbccf3,ryan.hernandez6@icloud.com,Ryan,Hernandez,642-852-6280,DELUXE,2021-02-22,ACTIVE,2026-03-10 09:00:23
13d7667d-a3ae-4dcd-9627-4d811e190cbe,emma.cox98@gmail.com,Emma,Cox,888-941-5415,DELUXE,2025-04-12,PAUSED,2026-03-10 09:00:23
49f3c716-9284-4447-9a84-f3ee4907e6ce,gary.peterson36@hotmail.com,Gary,Peterson,385-699-8141,DELUXE,2023-10-05,CANCELLED,2026-03-10 09:00:23
d3202871-7873-4dbb-814b-75f10f4294f9,gary.hall43@hotmail.com,Gary,Hall,528-786-2713,ULTIMATE,2022-11-07,ACTIVE,2026-03-10 09:00:23
3019576a-5da6-4d4f-9ab8-1dc9e1b6950e,angela.torres98@hotmail.com,Angela,Torres,763-137-8451,BASIC,2022-06-01,ACTIVE,2026-03-10 09:00:23
1616c87c-8fbd-4a3a-b912-d635748ddbb8,rebecca.morgan85@gmail.com,Rebecca,Morgan,755-573-7770,BASIC,2023-11-28,ACTIVE,2026-03-10 09:00:23
88bda6a4-6f43-40ac-814b-0e58fdd241de,angela.edwards27@gmail.com,Angela,Edwards,473-662-3146,ULTIMATE,2023-06-17,CANCELLED,2026-03-10 09:00:23
937f1ef8-2d0e-4d20-bf12-34eb6725d145,nicholas.thomas81@gmail.com,Nicholas,Thomas,823-918-4920,DELUXE,2022-09-29,ACTIVE,2026-03-10 09:00:23
25f293ce-cb3f-44e3-94f3-d7d82c968575,larry.turner29@gmail.com,Larry,Turner,316-572-2924,DELUXE,2021-11-12,ACTIVE,2026-03-10 09:00:23
011dad8f-c201-43c8-a248-090b1cbefb80,donna.morgan54@outlook.com,Donna,Morgan,694-583-4993,DELUXE,2021-10-24,ACTIVE,2026-03-10 09:00:23
c16f06e6-3726-4d91-8c50-4e4132848788,brandon.morgan9@yahoo.com,Brandon,Morgan,482-891-7798,DELUXE,2025-06-02,ACTIVE,2026-03-10 09:00:23
df6af0b7-3985-451c-b24b-35030ea39f79,james.torres76@outlook.com,James,Torres,793-775-9022,ULTIMATE,2023-07-04,ACTIVE,2026-03-10 09:00:23
afde5071-2b66-4cbc-9f1b-d93b740463f1,george.nelson98@icloud.com,George,Nelson,756-486-8460,ULTIMATE,2022-01-22,CANCELLED,2026-03-10 09:00:23
55c64df2-00dd-40eb-a876-d5e078f1a70b,donald.howard30@hotmail.com,Donald,Howard,994-520-1715,DELUXE,2023-08-27,ACTIVE,2026-03-10 09:00:23
d1eaf980-d888-4fda-bdff-37b0e7e2ea38,ronald.roberts64@yahoo.com,Ronald,Roberts,237-229-9229,ULTIMATE,2022-11-11,CANCELLED,2026-03-10 09:00:23
2e201d7c-9156-4d0e-bbf9-e17485473079,ryan.gonzalez59@icloud.com,Ryan,Gonzalez,215-839-3361,DELUXE,2024-09-02,CANCELLED,2026-03-10 09:00:23
840414c5-f48e-4176-95d7-4fbee0609de5,barbara.nguyen44@outlook.com,Barbara,Nguyen,838-809-7512,DELUXE,2022-11-04,PAUSED,2026-03-10 09:00:23
6567933c-8cda-4c38-bd49-137a13d276f8,stephen.carter81@outlook.com,Stephen,Carter,935-877-8994,ULTIMATE,2021-03-15,ACTIVE,2026-03-10 09:00:23
f65e2af5-3aa5-494f-b8c0-0140752e5da3,donald.torres96@yahoo.com,Donald,Torres,292-544-2612,ULTIMATE,2024-12-12,CANCELLED,2026-03-10 09:00:23
e091ae43-8ad5-4c54-b1dc-e17b7ebe37ee,ryan.perez4@outlook.com,Ryan,Perez,247-432-1919,BASIC,2023-02-07,ACTIVE,2026-03-10 09:00:23
381ae4ef-6736-4a0f-b357-ebd7624241ba,dorothy.cooper73@hotmail.com,Dorothy,Cooper,898-911-3950,BASIC,2021-06-11,ACTIVE,2026-03-10 09:00:23
97abc580-c62a-4382-9256-446f8cc29f3e,ronald.watson64@yahoo.com,Ronald,Watson,797-246-4804,DELUXE,2022-06-05,ACTIVE,2026-03-10 09:00:23
da8179e3-a357-4af4-a576-7fac588b0e81,mary.morris87@outlook.com,Mary,Morris,759-261-2210,DELUXE,2022-12-09,CANCELLED,2026-03-10 09:00:23
68c77a1f-f60f-4992-b2d7-c7ac7023964c,joshua.parker59@outlook.com,Joshua,Parker,509-303-7302,ULTIMATE,2021-08-07,ACTIVE,2026-03-10 09:00:23
6da34923-8e40-4bca-ab5d-0447203a1664,emma.rivera38@icloud.com,Emma,Rivera,916-402-1359,ULTIMATE,2024-09-10,ACTIVE,2026-03-10 09:00:23
5dfb842a-dfad-4813-a3fb-d8074cbbebdd,mary.kelly78@gmail.com,Mary,Kelly,963-608-5689,ULTIMATE,2022-04-17,ACTIVE,2026-03-10 09:00:23
69cb5e7e-7f84-45e2-b160-4bdcabc2567b,melissa.lewis80@yahoo.com,Melissa,Lewis,456-794-3240,DELUXE,2024-07-09,ACTIVE,2026-03-10 09:00:23
4f2eb352-5df8-42b7-8667-bafedf37a901,michelle.edwards75@gmail.com,Michelle,Edwards,573-849-3153,BASIC,2022-08-28,ACTIVE,2026-03-10 09:00:23
63c8d179-6fb3-45aa-a636-095abdc244b5,sharon.thompson17@yahoo.com,Sharon,Thompson,752-997-6994,DELUXE,2022-07-13,PAUSED,2026-03-10 09:00:23
33295116-1f0a-4805-9672-36c0b77f7e0a,steven.murphy96@outlook.com,Steven,Murphy,546-923-2886,DELUXE,2021-06-04,ACTIVE,2026-03-10 09:00:23
ce78749f-ebf3-4f02-8048-590bdd33efd5,mark.phillips47@icloud.com,Mark,Phillips,292-909-7464,BASIC,2024-01-04,ACTIVE,2026-03-10 09:00:23
ec975b84-df6a-4953-8642-fad64e85d6cd,deborah.king49@icloud.com,Deborah,King,853-480-2775,DELUXE,2023-08-24,ACTIVE,2026-03-10 09:00:23
8d8c1b8c-b3e4-4f70-a7f9-64cdb6f44ab1,pamela.adams29@icloud.com,Pamela,Adams,863-164-8606,ULTIMATE,2022-09-11,ACTIVE,2026-03-10 09:00:23
c7c4fd4f-dabe-4aa0-9e7a-16273583fd0d,joseph.moore5@gmail.com,Joseph,Moore,511-604-2902,BASIC,2024-01-06,ACTIVE,2026-03-10 09:00:23
7538a710-c293-435d-a2d8-aa6083f82db9,jacob.mitchell54@icloud.com,Jacob,Mitchell,801-860-3531,ULTIMATE,2024-09-03,ACTIVE,2026-03-10 09:00:23
dfd1d16d-9c48-4eb9-8013-4144642f0092,nicholas.wood36@hotmail.com,Nicholas,Wood,233-806-7070,BASIC,2023-06-30,CANCELLED,2026-03-10 09:00:23
a745a366-4e58-4f9a-8aea-d37aafa33e8f,timothy.gonzalez70@outlook.com,Timothy,Gonzalez,860-467-1992,DELUXE,2022-01-24,CANCELLED,2026-03-10 09:00:23
adb79b61-9916-4cf8-bef8-0cb48f1a8630,jacob.lopez83@yahoo.com,Jacob,Lopez,854-711-1349,BASIC,2022-11-15,ACTIVE,2026-03-10 09:00:23
d8a2381f-18e6-448f-a87a-8260f6245447,thomas.kelly9@yahoo.com,Thomas,Kelly,983-667-4394,DELUXE,2022-04-23,ACTIVE,2026-03-10 09:00:23
2517c588-4b5c-4a8b-aa70-b92f3590c7b4,charles.diaz36@gmail.com,Charles,Diaz,348-233-9850,BASIC,2021-12-24,ACTIVE,2026-03-10 09:00:23
1f812e3f-1ff3-4c06-92b0-37e09026b9ce,patricia.taylor46@gmail.com,Patricia,Taylor,443-702-6304,BASIC,2022-06-28,ACTIVE,2026-03-10 09:00:23
5a0c9179-3b45-4e07-919b-e02a050f7ce5,sharon.cooper96@gmail.com,Sharon,Cooper,265-587-8344,ULTIMATE,2023-11-18,ACTIVE,2026-03-10 09:00:23
8c00381c-5e7f-4a1c-8542-fbd54c2e5c17,cynthia.rogers79@yahoo.com,Cynthia,Rogers,244-844-9543,DELUXE,2024-08-10,CANCELLED,2026-03-10 09:00:23
fe1f8c1c-4f80-48c8-84e3-3288f48a12fb,linda.murphy55@hotmail.com,Linda,Murphy,902-210-9032,DELUXE,2023-06-28,ACTIVE,2026-03-10 09:00:23
e16e800e-b408-422a-83d9-8dd7042a1f82,william.adams19@icloud.com,William,Adams,267-229-5505,DELUXE,2024-04-13,ACTIVE,2026-03-10 09:00:23
b3a278e3-a5c5-4e72-b2d6-8c8afde6a90d,carol.carter68@icloud.com,Carol,Carter,501-564-9282,DELUXE,2021-07-23,PAUSED,2026-03-10 09:00:23
3ac90275-4d8a-4cef-bec1-3e0981468acb,joseph.bell56@yahoo.com,Joseph,Bell,662-333-7779,DELUXE,2023-07-18,ACTIVE,2026-03-10 09:00:23
a848c8a8-bea2-474a-887e-bb2a21847c1e,richard.green41@hotmail.com,Richard,Green,881-361-7132,ULTIMATE,2024-11-07,CANCELLED,2026-03-10 09:00:23
c193c513-aaa5-43a1-8288-c011a54b70cc,david.lopez12@gmail.com,David,Lopez,642-198-7105,ULTIMATE,2024-02-14,ACTIVE,2026-03-10 09:00:23
78656cd5-d7f0-4887-a9e9-d55249ed20ed,pamela.gomez86@outlook.com,Pamela,Gomez,325-520-6793,ULTIMATE,2025-03-17,ACTIVE,2026-03-10 09:00:23
c427c7ec-3792-4224-930e-e48f712043c9,michael.torres40@icloud.com,Michael,Torres,560-206-9313,BASIC,2024-09-06,ACTIVE,2026-03-10 09:00:23
8c506943-6084-4891-8fda-f698d79d0b75,jessica.hall48@icloud.com,Jessica,Hall,317-880-5564,DELUXE,2023-05-29,PAUSED,2026-03-10 09:00:23
3caeda1d-2fa0-484f-900b-51b39a809122,samantha.wood4@icloud.com,Samantha,Wood,823-773-5381,BASIC,2022-07-14,ACTIVE,2026-03-10 09:00:23
34abd580-623a-4b53-b4a8-95f3a102813d,michelle.baker1@outlook.com,Michelle,Baker,385-990-3347,DELUXE,2023-04-01,ACTIVE,2026-03-10 09:00:23
003d2f50-211d-4cdb-a50d-5b50f14dfc86,patricia.lopez28@icloud.com,Patricia,Lopez,585-529-8432,DELUXE,2023-01-28,ACTIVE,2026-03-10 09:00:23
2dadee83-dba0-438d-a1be-ebd53f5c6011,carol.kelly11@icloud.com,Carol,Kelly,253-259-3579,ULTIMATE,2021-04-12,ACTIVE,2026-03-10 09:00:23
3d1eac8e-6c38-4fcc-9cef-3b72f9edc7da,paul.edwards63@hotmail.com,Paul,Edwards,821-552-7785,BASIC,2025-03-27,ACTIVE,2026-03-10 09:00:23
f1a0e6a5-ce96-48ae-8ca3-fd46c87e1013,george.collins37@gmail.com,George,Collins,894-794-8972,DELUXE,2022-09-24,ACTIVE,2026-03-10 09:00:23
c1b69ec8-d0a3-46b0-8a58-fc8c8976f6c8,edward.diaz1@gmail.com,Edward,Diaz,409-408-4460,ULTIMATE,2025-04-15,ACTIVE,2026-03-10 09:00:23
d9b9141f-f784-430a-bc4f-0b43c955abec,carol.thomas64@gmail.com,Carol,Thomas,964-540-3878,BASIC,2023-12-27,ACTIVE,2026-03-10 09:00:23
5a276df8-eb5f-44cc-bd9c-a748df984ea5,eric.gomez10@outlook.com,Eric,Gomez,606-982-1693,DELUXE,2023-07-31,CANCELLED,2026-03-10 09:00:23
d3470e0f-618f-4697-b4fb-2a311861a348,kevin.howard74@hotmail.com,Kevin,Howard,614-826-7843,BASIC,2023-04-10,ACTIVE,2026-03-10 09:00:23
9e76bd4b-dca4-4fc2-a32c-3be2c10e497f,carol.perez59@icloud.com,Carol,Perez,906-470-2443,DELUXE,2021-08-05,ACTIVE,2026-03-10 09:00:23
7e6bea11-ac2a-445f-90bc-cf2fc7328d31,nicole.evans11@icloud.com,Nicole,Evans,605-991-6083,DELUXE,2022-03-30,ACTIVE,2026-03-10 09:00:23
6a2cf6bb-9331-4426-afad-250fcd3f55bc,nancy.martinez82@icloud.com,Nancy,Martinez,316-643-9355,BASIC,2025-05-09,ACTIVE,2026-03-10 09:00:23
180de648-3844-45b7-8aac-189b3bfc7137,charles.walker19@gmail.com,Charles,Walker,462-302-3842,DELUXE,2025-04-06,PAUSED,2026-03-10 09:00:23
1a90849a-6548-408a-aa5e-82e0b7236d64,barbara.thompson60@hotmail.com,Barbara,Thompson,972-677-8354,DELUXE,2024-03-02,ACTIVE,2026-03-10 09:00:23
7a9cdb53-0bd2-4a3b-8694-5b274b78848c,samantha.adams20@outlook.com,Samantha,Adams,650-169-8682,DELUXE,2022-09-13,PAUSED,2026-03-10 09:00:23
32ac5dbe-74e8-44ee-b0f9-8daef505814d,nicole.davis65@outlook.com,Nicole,Davis,275-417-8565,DELUXE,2021-04-27,ACTIVE,2026-03-10 09:00:23
736e0910-9f97-42f8-b659-fdf25b5aea22,andrew.martinez79@gmail.com,Andrew,Martinez,808-619-7299,DELUXE,2024-02-10,CANCELLED,2026-03-10 09:00:23
834de950-6778-403d-877c-b16cab502fb2,jennifer.stewart84@icloud.com,Jennifer,Stewart,392-429-8792,DELUXE,2021-05-07,ACTIVE,2026-03-10 09:00:23
f5975ad2-836a-4b05-ab41-5abd1829dff7,amanda.hernandez83@icloud.com,Amanda,Hernandez,376-140-5059,DELUXE,2023-06-19,ACTIVE,2026-03-10 09:00:23
a766884c-51dd-4c6f-8cd1-45c1ac072bd4,benjamin.lee48@outlook.com,Benjamin,Lee,489-496-7697,ULTIMATE,2024-10-22,ACTIVE,2026-03-10 09:00:23
b0c20088-d7c9-4402-bd8e-dbefe3225ca7,brian.rodriguez13@outlook.com,Brian,Rodriguez,771-794-7333,BASIC,2025-01-22,PAUSED,2026-03-10 09:00:23
ef699c92-704c-4d45-aba9-bb04067e5535,helen.martin11@outlook.com,Helen,Martin,796-779-3317,ULTIMATE,2022-09-28,CANCELLED,2026-03-10 09:00:23
4019d1e8-565b-4272-9a4a-d666a83d91b2,edward.taylor91@icloud.com,Edward,Taylor,286-417-7171,DELUXE,2022-11-04,PAUSED,2026-03-10 09:00:23
a865f6de-f9fd-4cfc-91c7-879fbadecd1b,anna.lopez66@hotmail.com,Anna,Lopez,570-118-6940,DELUXE,2022-03-15,ACTIVE,2026-03-10 09:00:23
8a575ae2-5f80-43d8-ae1f-85e332c8319b,nicholas.harris18@yahoo.com,Nicholas,Harris,358-179-5846,ULTIMATE,2021-07-27,ACTIVE,2026-03-10 09:00:23
1a564902-1807-4c50-b6e0-5dfecc8f8ade,brenda.cooper85@gmail.com,Brenda,Cooper,544-997-3147,DELUXE,2021-11-12,ACTIVE,2026-03-10 09:00:23
22e0693e-f83e-4950-83b3-8514e3dfaa5a,samantha.perez6@hotmail.com,Samantha,Perez,620-473-4891,ULTIMATE,2024-06-04,ACTIVE,2026-03-10 09:00:23
3337878c-7f55-4fd5-8398-ce0ff063ed7d,cynthia.robinson31@icloud.com,Cynthia,Robinson,516-928-8684,ULTIMATE,2022-02-02,ACTIVE,2026-03-10 09:00:23
ca06e3fe-55cb-4d06-a1f5-e5ee055619bd,emma.edwards99@hotmail.com,Emma,Edwards,488-896-7256,DELUXE,2023-05-08,CANCELLED,2026-03-10 09:00:23
10cc09d9-657b-427c-b616-4eb3ff9fe767,margaret.richardson33@yahoo.com,Margaret,Richardson,253-756-8873,ULTIMATE,2024-02-10,CANCELLED,2026-03-10 09:00:23
45da0be7-4a49-4fdb-b946-5e55bd3ff19e,jonathan.thomas11@outlook.com,Jonathan,Thomas,981-264-5469,DELUXE,2023-11-18,ACTIVE,2026-03-10 09:00:23
8c91a609-c21a-47d8-ac72-07c33c24119d,laura.lopez58@yahoo.com,Laura,Lopez,557-127-7797,BASIC,2023-10-26,ACTIVE,2026-03-10 09:00:23
ea3756d6-6bde-45a4-b1ea-7674349424e4,stephanie.hernandez29@outlook.com,Stephanie,Hernandez,228-426-2623,ULTIMATE,2024-08-24,ACTIVE,2026-03-10 09:00:23
4d05e6e0-9ead-4a0f-83cb-0f4eb55abf70,charles.moore37@gmail.com,Charles,Moore,683-812-3273,ULTIMATE,2023-08-19,ACTIVE,2026-03-10 09:00:23
41040e04-0ea7-4496-82d3-6f08dfa18a00,james.hernandez33@gmail.com,James,Hernandez,420-955-3449,DELUXE,2025-01-29,ACTIVE,2026-03-10 09:00:23
4c8939a0-660a-40b3-a2a3-4cb1cecceea3,jeffrey.anderson31@outlook.com,Jeffrey,Anderson,508-224-1782,BASIC,2024-08-01,PAUSED,2026-03-10 09:00:23
0c7185fd-7260-401f-a656-f771f933c8d2,jacob.rodriguez64@gmail.com,Jacob,Rodriguez,811-648-1269,DELUXE,2024-03-23,ACTIVE,2026-03-10 09:00:23
c4364337-7712-4541-8ba3-19d0304f2dd3,charles.nguyen1@hotmail.com,Charles,Nguyen,829-461-4941,DELUXE,2022-01-19,ACTIVE,2026-03-10 09:00:23
7e512abf-ca91-44da-9605-73409740158c,william.cooper9@outlook.com,William,Cooper,738-657-9312,ULTIMATE,2023-11-06,ACTIVE,2026-03-10 09:00:23
1cae16fd-cf79-48c0-9055-d2f5641055f8,stephanie.nguyen82@gmail.com,Stephanie,Nguyen,596-482-5155,DELUXE,2023-01-02,PAUSED,2026-03-10 09:00:23
4ec231b0-e414-4c01-9673-36f079fb9f57,george.walker99@gmail.com,George,Walker,795-852-6447,BASIC,2022-12-23,ACTIVE,2026-03-10 09:00:23
68b6f80e-1a10-4804-9623-0892fc395731,daniel.morris81@hotmail.com,Daniel,Morris,386-930-3209,BASIC,2025-05-09,CANCELLED,2026-03-10 09:00:23
ee0cca9d-f620-433e-9fb5-39552b7c5e2c,john.nguyen6@yahoo.com,John,Nguyen,404-142-6170,ULTIMATE,2023-11-22,ACTIVE,2026-03-10 09:00:23
ddd7aba3-1902-4ed1-b6a7-8fea2542f6bb,brenda.nguyen5@outlook.com,Brenda,Nguyen,971-762-4131,BASIC,2025-05-19,ACTIVE,2026-03-10 09:00:23
46f459c5-9616-4486-8fa6-da7d7c788747,brian.wright48@gmail.com,Brian,Wright,647-509-8204,ULTIMATE,2023-03-03,ACTIVE,2026-03-10 09:00:23
28550c5b-444a-4c18-977c-16eb0b5c4a2e,betty.cook48@hotmail.com,Betty,Cook,731-373-2353,DELUXE,2021-06-11,ACTIVE,2026-03-10 09:00:23
dc90e683-ffb0-4b60-950c-931c7aa748e5,betty.bailey42@outlook.com,Betty,Bailey,305-181-6372,DELUXE,2022-09-20,ACTIVE,2026-03-10 09:00:23
bc266595-4fe7-41f4-8ceb-38dfef2863b5,jeffrey.perez45@hotmail.com,Jeffrey,Perez,657-143-6776,DELUXE,2023-06-10,ACTIVE,2026-03-10 09:00:23
76f9b880-5bce-4790-9fbf-5fee1197a03e,linda.martinez47@hotmail.com,Linda,Martinez,725-920-3621,ULTIMATE,2021-10-20,PAUSED,2026-03-10 09:00:23
ae1e9c5f-2bde-45e2-b388-8c3f3a513e00,ryan.jones9@yahoo.com,Ryan,Jones,441-897-7001,DELUXE,2024-03-07,ACTIVE,2026-03-10 09:00:23
6b4dd01b-e7ab-43b8-8575-6accdea518a7,lisa.stewart48@outlook.com,Lisa,Stewart,654-881-2259,DELUXE,2023-12-21,ACTIVE,2026-03-10 09:00:23
be9da58b-c145-48e6-b632-078ada42f648,kevin.scott15@yahoo.com,Kevin,Scott,226-853-4048,DELUXE,2023-03-04,CANCELLED,2026-03-10 09:00:23
e33a2ab2-56ff-4b3c-99bd-f95da0fdcf77,sarah.king91@outlook.com,Sarah,King,656-319-5678,DELUXE,2023-10-03,ACTIVE,2026-03-10 09:00:23
4ada8afb-1f56-4b98-9f59-108c3ade07f0,karen.martinez23@hotmail.com,Karen,Martinez,930-555-2438,ULTIMATE,2022-10-17,ACTIVE,2026-03-10 09:00:23
7f5cddf1-54db-42fe-af5a-d173b92294fb,david.bell38@icloud.com,David,Bell,507-971-3580,DELUXE,2024-12-05,ACTIVE,2026-03-10 09:00:23
67f36335-4be2-458a-8dd0-e72ee3e238aa,timothy.morgan16@yahoo.com,Timothy,Morgan,405-911-3275,BASIC,2023-10-09,ACTIVE,2026-03-10 09:00:23
